Date,Observer,Location,Transect,Point,OldPointNames,Longitude,Latitude,OriginalSpreadsheetName,Response,Cell,ClosestDistance,AngleOfClosestDistance,Strongest_behavior,Sex,DS_DistantSong_1,CN_Chip_notes_2,CS_CounterSong_3,CD_CounteredDisplay_4,APB_ApproachingPlayback_5,CPB_CirclingPlayback_6,ACS_AggressiveCounterSong_7
6/27/2014,Tory,Black Mesa,A,1,,36.51412,-102.52899,Black Mesa 4x13,0,No response,,,,,,,,,,,
6/27/2014,Tory,Black Mesa,A,2,,36.51412,-102.52833,Black Mesa 4x13,1,"CN 0, 20m on cholla and fenceline        CPB N to S 200, 15m then aggressive CN (First territory)",15,200,6,M,,20,,,,15,
6/27/2014,Tory,Black Mesa,A,3,,36.51412,-102.52767,Black Mesa 4x13,0,No response,,,,,,,,,,,
6/27/2014,Tory,Black Mesa,A,4,,36.51412,-102.52701,Black Mesa 4x13,0,No response,,,,,,,,,,,
6/27/2014,Tory,Black Mesa,A,5,,36.51412,-102.5263,Black Mesa 4x13,0,No response,,,,,,,,,,,
6/27/2014,Tory,Black Mesa,A,6,,36.51412,-102.52562,Black Mesa 4x13,0,No response,,,,,,,,,,,
6/27/2014,Tory,Black Mesa,A,7,,36.51412,-102.52495,Black Mesa 4x13,1,"Aggressive CN 295, 10m",10,295,2,M,,10,,,,,
6/27/2014,Tory,Black Mesa,A,8,,36.51412,-102.52428,Black Mesa 4x13,1,"CN 270, 50m (A7 CASP, second territory)",50,270,2,M,,50,,,,,
6/27/2014,Tory,Black Mesa,A,9,,36.51412,-102.5263,Black Mesa 4x13,1,"CD 0, 30m in cholla (third territory)",30,0,4,M,,,,50,,,
6/27/2014,Tory,Black Mesa,A,10,,36.51412,-102.52293,Black Mesa 4x13,0,No response,,,,,,,,,,,
6/27/2014,Tory,Black Mesa,A,11,,36.51412,-102.52226,Black Mesa 4x13,0,No response,,,,,,,,,,,
6/27/2014,Tory,Black Mesa,A,12,,36.51412,-102.52159,Black Mesa 4x13,0,No response,,,,,,,,,,,
6/27/2014,Tory,Black Mesa,A,13,,36.51412,-102.52091,Black Mesa 4x13,1,"CN 0, 30m",30,0,2,M,,30,,,,,
6/27/2014,Tory,Black Mesa,B,1,,36.51357,-102.52899,Black Mesa 4x13,1,"APB 90, 10m on yucca",10,90,5,M,,,,,10,,
6/27/2014,Tory,Black Mesa,B,2,,36.51357,-102.52833,Black Mesa 4x13,1,"CN 0, 50m (likely A2 CASP)",50,0,2,M,,50,,,,,
6/27/2014,Tory,Black Mesa,B,3,,36.51357,-102.52767,Black Mesa 4x13,1,"CN 0, 60m+",60,0,2,M,,60,,,,,
6/27/2014,Tory,Black Mesa,B,4,,36.51357,-102.52701,Black Mesa 4x13,0,No response,,,,,,,,,,,
6/27/2014,Tory,Black Mesa,B,5,,36.51357,-102.5263,Black Mesa 4x13,0,No response,,,,,,,,,,,
6/27/2014,Tory,Black Mesa,B,6,,36.51357,-102.52562,Black Mesa 4x13,0,No response,,,,,,,,,,,
6/27/2014,Tory,Black Mesa,B,7,,36.51357,-102.52495,Black Mesa 4x13,0,No response,,,,,,,,,,,
6/27/2014,Tory,Black Mesa,B,8,,36.51357,-102.52428,Black Mesa 4x13,1,"CN 25, 15m on dead cholla then ACS/CPB 90, 15m (fourth territory)",15,25,7,M,,,,,,15,15
6/27/2014,Tory,Black Mesa,B,9,,36.51357,-102.5263,Black Mesa 4x13,0,No response,,,,,,,,,,,
6/27/2014,Tory,Black Mesa,B,10,,36.51357,-102.52293,Black Mesa 4x13,1,"CN 300, 30m",30,300,2,M,,30,,,,,
6/27/2014,Tory,Black Mesa,B,11,,36.51357,-102.52226,Black Mesa 4x13,0,No response,,,,,,,,,,,
6/27/2014,Tory,Black Mesa,B,12,,36.51357,-102.52159,Black Mesa 4x13,0,No response,,,,,,,,,,,
6/27/2014,Tory,Black Mesa,B,13,,36.51357,-102.52091,Black Mesa 4x13,0,No response,,,,,,,,,,,
6/27/2014,Tory,Black Mesa,C,1,,36.51302,-102.52899,Black Mesa 4x13,1,"CN 270, 15m then ACS/CD (fifth territory)",15,270,7,M,,15,,15,,,15
6/27/2014,Tory,Black Mesa,C,2,,36.51302,-102.52833,Black Mesa 4x13,0,No response,,,,,,,,,,,
6/27/2014,Tory,Black Mesa,C,3,,36.51302,-102.52767,Black Mesa 4x13,0,No response,,,,,,,,,,,
6/27/2014,Tory,Black Mesa,C,4,,36.51302,-102.52701,Black Mesa 4x13,0,No response,,,,,,,,,,,
6/27/2014,Tory,Black Mesa,C,5,,36.51302,-102.5263,Black Mesa 4x13,0,No response,,,,,,,,,,,
6/27/2014,Tory,Black Mesa,C,6,,36.51302,-102.52562,Black Mesa 4x13,0,No response,,,,,,,,,,,
6/27/2014,Tory,Black Mesa,C,7,,36.51302,-102.52495,Black Mesa 4x13,0,No response,,,,,,,,,,,
6/27/2014,Tory,Black Mesa,C,8,,36.51302,-102.52428,Black Mesa 4x13,1,"CN 90, 30m then ACS/CD",30,90,7,M,,30,,30,,,30
6/27/2014,Tory,Black Mesa,C,9,,36.51302,-102.5263,Black Mesa 4x13,0,No response,,,,,,,,,,,
6/27/2014,Tory,Black Mesa,C,10,,36.51302,-102.52293,Black Mesa 4x13,0,No response,,,,,,,,,,,
6/27/2014,Tory,Black Mesa,C,11,,36.51302,-102.52226,Black Mesa 4x13,0,No response,,,,,,,,,,,
6/27/2014,Tory,Black Mesa,C,12,,36.51302,-102.52159,Black Mesa 4x13,0,No response,,,,,,,,,,,
6/27/2014,Tory,Black Mesa,C,13,,36.51302,-102.52091,Black Mesa 4x13,0,No response,,,,,,,,,,,
6/27/2014,Tory,Black Mesa,D,1,,36.51247,-102.52899,Black Mesa 4x13,0,No response,,,,,,,,,,,
6/27/2014,Tory,Black Mesa,D,2,,36.51247,-102.52833,Black Mesa 4x13,0,No response,,,,,,,,,,,
6/27/2014,Tory,Black Mesa,D,3,,36.51247,-102.52767,Black Mesa 4x13,0,No response,,,,,,,,,,,
6/27/2014,Tory,Black Mesa,D,4,,36.51247,-102.52701,Black Mesa 4x13,0,No response,,,,,,,,,,,
6/27/2014,Tory,Black Mesa,D,5,,36.51247,-102.5263,Black Mesa 4x13,0,No response,,,,,,,,,,,
6/27/2014,Tory,Black Mesa,D,6,,36.51247,-102.52562,Black Mesa 4x13,0,No response,,,,,,,,,,,
6/27/2014,Tory,Black Mesa,D,7,,36.51247,-102.52495,Black Mesa 4x13,0,No response,,,,,,,,,,,
6/27/2014,Tory,Black Mesa,D,8,,36.51247,-102.52428,Black Mesa 4x13,0,No response,,,,,,,,,,,
6/27/2014,Tory,Black Mesa,D,9,,36.51247,-102.5263,Black Mesa 4x13,1,"ACS 260, 20m pair seen (sixth territory)",20,260,7,PAIR,,,,,,,20
6/27/2014,Tory,Black Mesa,D,10,,36.51247,-102.52293,Black Mesa 4x13,0,No response,,,,,,,,,,,
6/27/2014,Tory,Black Mesa,D,11,,36.51247,-102.52226,Black Mesa 4x13,0,No response,,,,,,,,,,,
6/27/2014,Tory,Black Mesa,D,12,,36.51247,-102.52159,Black Mesa 4x13,0,No response,,,,,,,,,,,
6/27/2014,Tory,Black Mesa,D,13,,36.51247,-102.52091,Black Mesa 4x13,0,No response,,,,,,,,,,,
5/30/2014,Tory,Black Mesa,A,1,1,36.85672,-102.87267,Black Mesa 5x5,1,"CN, CPB E to W and APB 0, 20m (First territory)",20,0,6,M,,20,,,20,20,
5/30/2014,Tory,Black Mesa,A,2,2,36.85672,-102.87154,Black Mesa 5x5,0,No response,,,,,,,,,,,
5/30/2014,Tory,Black Mesa,A,3,3,36.85672,-102.87042,Black Mesa 5x5,0,No response,,,,,,,,,,,
5/30/2014,Tory,Black Mesa,A,4,4,36.85672,-102.8693,Black Mesa 5x5,0,No response,,,,,,,,,,,
5/30/2014,Tory,Black Mesa,A,5,5,36.85672,-102.86818,Black Mesa 5x5,0,No response,,,,,,,,,,,
5/30/2014,Tory,Black Mesa,B,1,6,36.85582,-102.87267,Black Mesa 5x5,0,No response,,,,,,,,,,,
5/30/2014,Tory,Black Mesa,B,2,7,36.85582,-102.87154,Black Mesa 5x5,1,"CN then ACS 270, 40m",40,270,7,M,,40,,,,,40
5/30/2014,Tory,Black Mesa,B,3,8,36.85582,-102.87042,Black Mesa 5x5,0,No response,,,,,,,,,,,
5/30/2014,Tory,Black Mesa,B,4,9,36.85582,-102.8693,Black Mesa 5x5,0,No response,,,,,,,,,,,
5/30/2014,Tory,Black Mesa,B,5,10,36.85582,-102.86818,Black Mesa 5x5,0,No response,,,,,,,,,,,
5/30/2014,Tory,Black Mesa,C,1,11,36.85492,-102.87267,Black Mesa 5x5,1,"ACS 90, 70m (x2) then CS",70,90,7,M,,,70,,,,70
5/30/2014,Tory,Black Mesa,C,2,12,36.85492,-102.87154,Black Mesa 5x5,0,No response,,,,,,,,,,,
5/30/2014,Tory,Black Mesa,C,3,13,36.85492,-102.87042,Black Mesa 5x5,0,No response,,,,,,,,,,,
5/30/2014,Tory,Black Mesa,C,4,14,36.85492,-102.8693,Black Mesa 5x5,0,No response,,,,,,,,,,,
5/30/2014,Tory,Black Mesa,C,5,15,36.85492,-102.86818,Black Mesa 5x5,0,No response,,,,,,,,,,,
5/30/2014,Tory,Black Mesa,D,1,16,36.85402,-102.87267,Black Mesa 5x5,0,No response,,,,,,,,,,,
5/30/2014,Tory,Black Mesa,D,2,17,36.85402,-102.87154,Black Mesa 5x5,0,No response,,,,,,,,,,,
5/30/2014,Tory,Black Mesa,D,3,18,36.85402,-102.87042,Black Mesa 5x5,0,No response,,,,,,,,,,,
5/30/2014,Tory,Black Mesa,D,4,19,36.85402,-102.8693,Black Mesa 5x5,0,No response                          CASP seen flying into brush,,,,,,,,,,,
5/30/2014,Tory,Black Mesa,D,5,20,36.85402,-102.86818,Black Mesa 5x5,0,No response,,,,,,,,,,,
5/30/2014,Tory,Black Mesa,E,1,21,36.85311,-102.87267,Black Mesa 5x5,1,"CS/CD 310, 60m (x2) (Second territory on private property to North)",60,310,4,M,,,60,60,,,
5/30/2014,Tory,Black Mesa,E,2,22,36.85311,-102.87154,Black Mesa 5x5,0,No response,,,,,,,,,,,
5/30/2014,Tory,Black Mesa,E,3,23,36.85311,-102.87042,Black Mesa 5x5,1,"CN 90, 20m",20,90,2,M,,20,,,,,
5/30/2014,Tory,Black Mesa,E,4,24,36.85311,-102.8693,Black Mesa 5x5,0,No response,,,,,,,,,,,
5/30/2014,Tory,Black Mesa,E,5,25,36.85311,-102.86818,Black Mesa 5x5,0,No response,,,,,,,,,,,
6/19/2014,Tory,Cimarron Hills,A,1,,36.93866,-99.38789,Cimarron Hills 8x8,1,"CN, APB N to S, pair landed on sage 30, 20m ",20,30,5,PAIR,,20,,,20,,
6/19/2014,Tory,Cimarron Hills,A,2,,36.93866,-99.38676,Cimarron Hills 8x8,0,No response,,,,,,,,,,,
6/19/2014,Tory,Cimarron Hills,A,3,,36.93866,-99.38564,Cimarron Hills 8x8,1,"CS 45, 30m ",30,45,3,M,,,30,,,,
6/19/2014,Tory,Cimarron Hills,A,4,,36.93866,-99.38451,Cimarron Hills 8x8,1,"APB 290, 50m to 0, 30m  CPB 90, 20m                                   Female CN 345, 50 ",20,90,6,PAIR,,50,,,30,20,
6/19/2014,Tory,Cimarron Hills,A,5,,36.93866,-99.38338,Cimarron Hills 8x8,1,"ACS 270, 30 (A4 CASP)",30,270,7,M,,,,,,,30
6/19/2014,Tory,Cimarron Hills,A,6,,36.93866,-99.38226,Cimarron Hills 8x8,0,No response,,,,,,,,,,,
6/19/2014,Tory,Cimarron Hills,A,7,,36.93866,-99.38113,Cimarron Hills 8x8,0,No response,,,,,,,,,,,
6/19/2014,Tory,Cimarron Hills,A,8,,36.93866,-99.38,Cimarron Hills 8x8,0,No response,,,,,,,,,,,
6/19/2014,Tory,Cimarron Hills,B,1,,36.93776,-99.38789,Cimarron Hills 8x8,0,No response,,,,,,,,,,,
6/19/2014,Tory,Cimarron Hills,B,2,,36.93776,-99.38676,Cimarron Hills 8x8,0,No response,,,,,,,,,,,
6/19/2014,Tory,Cimarron Hills,B,3,,36.93776,-99.38564,Cimarron Hills 8x8,1,"CN 180, 30m  followed by CS (x2)",30,180,3,,,30,30,,,,
6/19/2014,Tory,Cimarron Hills,B,4,,36.93776,-99.38451,Cimarron Hills 8x8,1,"Silent flight 270, 20m to 90, 40m followed by ACS/CS",20,270,7,M,,,40,,,,40
6/19/2014,Tory,Cimarron Hills,B,5,,36.93776,-99.38338,Cimarron Hills 8x8,0,No response,,,,,,,,,,,
6/19/2014,Tory,Cimarron Hills,B,6,,36.93776,-99.38226,Cimarron Hills 8x8,1,"CN 90, 30m (B8 CASP)",30,90,2,M,,30,,,,,
6/19/2014,Tory,Cimarron Hills,B,7,,36.93776,-99.38113,Cimarron Hills 8x8,1,"CPB 90, 30m to 345, 20m ",20,345,6,M,,,,,,20,
6/19/2014,Tory,Cimarron Hills,B,8,,36.93776,-99.38,Cimarron Hills 8x8,1,"CN 265, 30m          CPB S to N 270, 30m        then CD",30,270,6,M,,30,,30,,30,
6/19/2014,Tory,Cimarron Hills,C,1,,36.93686,-99.38789,Cimarron Hills 8x8,1,"CN, pair APB then hid 85, 10m",10,85,5,PAIR,,10,,,10,,
6/19/2014,Tory,Cimarron Hills,C,2,,36.93686,-99.38676,Cimarron Hills 8x8,0,No response,,,,,,,,,,,
6/19/2014,Tory,Cimarron Hills,C,3,,36.93686,-99.38564,Cimarron Hills 8x8,1,"APB, CPB W to E 270, 30m to 90, 10m  CS then ACS ",10,90,7,M,,,10,,30,30,10
6/19/2014,Tory,Cimarron Hills,C,4,,36.93686,-99.38451,Cimarron Hills 8x8,1,"CN, APB 270, 10m, CPB to 90, 10m",10,90,6,M,,10,,,10,10,
6/19/2014,Tory,Cimarron Hills,C,5,,36.93686,-99.38338,Cimarron Hills 8x8,1,"C4 CASP followed, hid 290, 10m                   Then CPB to S 250, 10m with CD to ACS",10,250,7,M,,,,10,,10,10
6/19/2014,Tory,Cimarron Hills,C,6,,36.93686,-99.38226,Cimarron Hills 8x8,1,"CN, APB 0, 20m",20,0,5,M,,20,,,20,,
6/19/2014,Tory,Cimarron Hills,C,7,,36.93686,-99.38113,Cimarron Hills 8x8,1,ACS (C6 CASP),,,7,M,,,,,,,9999
6/19/2014,Tory,Cimarron Hills,C,8,,36.93686,-99.38,Cimarron Hills 8x8,1,"CN then ACS, pair flushed when walking to D8",,,7,PAIR,,9999,,,,,9999
6/19/2014,Tory,Cimarron Hills,D,1,,36.93597,-99.38789,Cimarron Hills 8x8,1,"CN/ACS/APB 90, 5m         ",5,90,7,M,,5,,,5,,5
6/19/2014,Tory,Cimarron Hills,D,2,,36.93597,-99.38676,Cimarron Hills 8x8,1,"APB, CPB E to W 270, 5m then CS from grass (Likely D3 CASP)",5,270,6,M,,,5,,5,5,
6/19/2014,Tory,Cimarron Hills,D,3,,36.93597,-99.38564,Cimarron Hills 8x8,1,"CN 265, 10m                 CD 90, 5m then CS",5,90,4,M,,10,5,5,,,
6/19/2014,Tory,Cimarron Hills,D,4,,36.93597,-99.38451,Cimarron Hills 8x8,1,"CN 90, 40m",40,90,2,M,,40,,,,,
6/19/2014,Tory,Cimarron Hills,D,5,,36.93597,-99.38338,Cimarron Hills 8x8,0,No response,,,,,,,,,,,
6/19/2014,Tory,Cimarron Hills,D,6,,36.93597,-99.38226,Cimarron Hills 8x8,0,No response,,,,,,,,,,,
6/19/2014,Tory,Cimarron Hills,D,7,,36.93597,-99.38113,Cimarron Hills 8x8,1,"Silent flight 0, 20m, hid",20,0,0,UNK,,,,,,,
6/19/2014,Tory,Cimarron Hills,D,8,,36.93597,-99.38,Cimarron Hills 8x8,1,ACS (C8 CASP),NA,NA,7,M,,,,,,,9999
6/19/2014,Tory,Cimarron Hills,E,1,,36.93507,-99.38789,Cimarron Hills 8x8,1,"CN/CS 300, 30m                  followed by CD ",30,300,4,M,,30,30,30,,,
6/19/2014,Tory,Cimarron Hills,E,2,,36.93507,-99.38676,Cimarron Hills 8x8,0,No response,,,,,,,,,,,
6/19/2014,Tory,Cimarron Hills,E,3,,36.93507,-99.38564,Cimarron Hills 8x8,0,No response,,,,,,,,,,,
6/19/2014,Tory,Cimarron Hills,E,4,,36.93507,-99.38451,Cimarron Hills 8x8,0,No response,,,,,,,,,,,
6/19/2014,Tory,Cimarron Hills,E,5,,36.93507,-99.38338,Cimarron Hills 8x8,1,"CN S to N 0, 20m       ",20,0,3,M,,,,,,,
6/19/2014,Tory,Cimarron Hills,E,6,,36.93507,-99.38226,Cimarron Hills 8x8,0,No response,,,,,,,,,,,
6/19/2014,Tory,Cimarron Hills,E,7,,36.93507,-99.38113,Cimarron Hills 8x8,0,No response,,,,,,,,,,,
6/19/2014,Tory,Cimarron Hills,E,8,,36.93507,-99.38,Cimarron Hills 8x8,0,No response,,,,,,,,,,,
6/19/2014,Tory,Cimarron Hills,F,1,,36.93417,-99.38789,Cimarron Hills 8x8,0,No response,,,,,,,,,,,
6/19/2014,Tory,Cimarron Hills,F,2,,36.93417,-99.38676,Cimarron Hills 8x8,0,No response,,,,,,,,,,,
6/19/2014,Tory,Cimarron Hills,F,3,,36.93417,-99.38564,Cimarron Hills 8x8,1,"APB 270, 20m then CPB W to E with ACS/CD then hid 110, 20m ",20,110,7,M,,,,20,20,20,20
6/19/2014,Tory,Cimarron Hills,F,4,,36.93417,-99.38451,Cimarron Hills 8x8,1,"CN 0, 30m on sandplum ",30,0,2,M,,30,,,,,
6/19/2014,Tory,Cimarron Hills,F,5,,36.93417,-99.38338,Cimarron Hills 8x8,0,No response,,,,,,,,,,,
6/19/2014,Tory,Cimarron Hills,F,6,,36.93417,-99.38226,Cimarron Hills 8x8,1,"ACS 0, 50m",50,0,7,M,,,,,,,50
6/19/2014,Tory,Cimarron Hills,F,7,,36.93417,-99.38113,Cimarron Hills 8x8,0,No response,,,,,,,,,,,
6/19/2014,Tory,Cimarron Hills,F,8,,36.93417,-99.38,Cimarron Hills 8x8,0,No response,,,,,,,,,,,
6/19/2014,Tory,Cimarron Hills,G,1,,36.93327,-99.38789,Cimarron Hills 8x8,0,No response,,,,,,,,,,,
6/19/2014,Tory,Cimarron Hills,G,2,,36.93327,-99.38676,Cimarron Hills 8x8,0,No response,,,,,,,,,,,
6/19/2014,Tory,Cimarron Hills,G,3,,36.93327,-99.38564,Cimarron Hills 8x8,0,No response,,,,,,,,,,,
6/19/2014,Tory,Cimarron Hills,G,4,,36.93327,-99.38451,Cimarron Hills 8x8,0,No response,,,,,,,,,,,
6/19/2014,Tory,Cimarron Hills,G,5,,36.93327,-99.38338,Cimarron Hills 8x8,0,No response,,,,,,,,,,,
6/19/2014,Tory,Cimarron Hills,G,6,,36.93327,-99.38226,Cimarron Hills 8x8,1,"CN 180, 30m (F6 CASP)",30,180,2,M,,30,,,,,
6/19/2014,Tory,Cimarron Hills,G,7,,36.93327,-99.38113,Cimarron Hills 8x8,0,No response,,,,,,,,,,,
6/19/2014,Tory,Cimarron Hills,G,8,,36.93327,-99.38,Cimarron Hills 8x8,0,No response,,,,,,,,,,,
6/19/2014,Tory,Cimarron Hills,H,1,,36.93238,-99.38789,Cimarron Hills 8x8,1,"CN 265, 20m land in sage",20,265,2,M,,,,,,,
6/19/2014,Tory,Cimarron Hills,H,2,,36.93238,-99.38676,Cimarron Hills 8x8,1,"CN/APB from E 70, 30m ",30,70,5,M,,30,,,30,,
6/19/2014,Tory,Cimarron Hills,H,3,,36.93238,-99.38564,Cimarron Hills 8x8,0,No response,,,,,,,,,,,
6/19/2014,Tory,Cimarron Hills,H,4,,36.93238,-99.38451,Cimarron Hills 8x8,1,CS and alternate CS (H5 CASP),NA,NA,3,M,,,9999,,,,
6/19/2014,Tory,Cimarron Hills,H,5,,36.93238,-99.38338,Cimarron Hills 8x8,1,"CN, APB E to W land on dead flower stalk, then N to S on fenceline ",NA,NA,5,M,,,9999,,9999,,
6/19/2014,Tory,Cimarron Hills,H,6,,36.93238,-99.38226,Cimarron Hills 8x8,0,No response,,,,,,,,,,,
6/19/2014,Tory,Cimarron Hills,H,7,,36.93238,-99.38113,Cimarron Hills 8x8,0,No response,,,,,,,,,,,
6/19/2014,Tory,Cimarron Hills,H,8,,36.93238,-99.38,Cimarron Hills 8x8,0,No response,,,,,,,,,,,
5/29/2014,Tory,Optima Overlook,A,1,1,36.65659,-101.14548,Optima 5x5,1,"CN 180, 20m ",20,180,2,M,,20,,,,,
5/29/2014,Tory,Optima Overlook,B,1,6,36.65561,-101.14548,Optima 5x5,1,"CN 245, 30m                               Second CASP 90, 20m               Both ACS (2 CASPs interacting at territory border)",20,90,7,M,,30,,,,,20
5/29/2014,Tory,Optima Overlook,C,1,11,36.65471,-101.14548,Optima 5x5,0,No response ,,,,,,,,,,,
5/29/2014,Tory,Optima Overlook,D,1,16,36.65381,-101.14548,Optima 5x5,1,"CS 90, 30m (x2) then ACS followed by CN ",30,90,7,M,,30,30,,,,30
5/29/2014,Tory,Optima Overlook,E,1,21,36.6529,-101.14548,Optima 5x5,1,"CN 345, 100m then CPB 10, 20m ",20,10,6,M,,100,,,,20,
5/29/2014,Tory,Optima Overlook,A,2,2,36.65659,-101.14661,Optima 5x5,1,"CN into ACS 300, 40m ",40,300,7,M,,40,,,,,40
5/29/2014,Tory,Optima Overlook,B,2,7,36.65561,-101.14661,Optima 5x5,1,"CN 190, 20m then CPB to 180, 20m and ACS                   Possible female (pair)",20,180,7,PAIR,,20,,,,20,20
5/29/2014,Tory,Optima Overlook,C,2,12,36.65471,-101.14661,Optima 5x5,1,"CN 70, 10m ",10,70,2,M,,10,,,,,
5/29/2014,Tory,Optima Overlook,D,2,17,36.65381,-101.14661,Optima 5x5,0,No response,,,,,,,,,,,
5/29/2014,Tory,Optima Overlook,E,2,22,36.6529,-101.14661,Optima 5x5,1,"Aggressive CN 0, 30m then APB 245, 5m ",5,245,5,M,,30,,,5,,
5/29/2014,Tory,Optima Overlook,A,3,3,36.65659,-101.14772,Optima 5x5,1,"CS then ACS 220, 60m                   Second CASP CS 260, 70m   ACS and pair seen 320, 10m ",10,320,7,PAIR,,,60,,,,60
5/29/2014,Tory,Optima Overlook,B,3,8,36.65561,-101.14772,Optima 5x5,1,"CN 180, 50m then APB 95, 5m and ACS while walking ",5,95,7,M,,50,,,5,,5
5/29/2014,Tory,Optima Overlook,C,3,13,36.65471,-101.14772,Optima 5x5,1,"CN 270, 30m then CPB (C2 CASP)",30,270,6,M,,30,,,,30,
5/29/2014,Tory,Optima Overlook,D,3,18,36.65381,-101.14772,Optima 5x5,0,No response                             Possible female,,,,,,,,,,,
5/29/2014,Tory,Optima Overlook,E,3,23,36.6529,-101.14772,Optima 5x5,1,"CN 0, 20m (E2 CASP)",20,0,2,M,,,,,,,
5/29/2014,Tory,Optima Overlook,A,4,4,36.65659,-101.14884,Optima 5x5,1,"CN then ACS 275, 60m ",60,275,7,M,,60,,,,,60
5/29/2014,Tory,Optima Overlook,B,4,9,36.65561,-101.14884,Optima 5x5,1,"ACS 190, 40m                         Possible female (addn seen)",40,190,7,M,,,,,,,40
5/29/2014,Tory,Optima Overlook,C,4,14,36.65471,-101.14884,Optima 5x5,1,"CN 180, 10m then ACS with CD                                    Possible female",10,180,7,M,,10,,10,,,10
5/29/2014,Tory,Optima Overlook,D,4,19,36.65381,-101.14884,Optima 5x5,1,"Aggressive CN 190, 30m (no bird seen)",30,190,2,UNK,,30,,,,,
5/29/2014,Tory,Optima Overlook,E,4,24,36.6529,-101.14884,Optima 5x5,0,No response,,,,,,,,,,,
5/29/2014,Tory,Optima Overlook,A,5,5,36.65659,-101.14996,Optima 5x5,1,"CS 265, 40m                                Second CASP CN 270, 20m flew W",20,265,3,M,,20,40,,,,
5/29/2014,Tory,Optima Overlook,B,5,10,36.65561,-101.14996,Optima 5x5,0,No response,,,,,,,,,,,
5/29/2014,Tory,Optima Overlook,C,5,15,36.65471,-101.14996,Optima 5x5,1,"Aggressive CN 90, 40m then CD with alternate song (x2)                (C4 CASP)",40,90,4,M,,40,,40,,,
5/29/2014,Tory,Optima Overlook,D,5,20,36.65381,-101.14996,Optima 5x5,0,No response                                    Pair seen flying prior to call,,,,,,,,,,,
5/29/2014,Tory,Optima Overlook,E,5,25,36.6529,-101.14996,Optima 5x5,0,No response,,,,,,,,,,,
6/23/2014,Tory,Optima,A,1,,36.65663,-101.14324,Optima 8x8,0,No response,,,,,,,,,,,
6/23/2014,Tory,Optima,B,1,,36.65571,-101.14324,Optima 8x8,0,No response,,,,,,,,,,,
6/23/2014,Tory,Optima,C,1,,36.65479,-101.14324,Optima 8x8,0,No response,,,,,,,,,,,
6/23/2014,Tory,Optima,D,1,,36.65387,-101.14324,Optima 8x8,0,No response,,,,,,,,,,,
6/23/2014,Tory,Optima,E,1,,36.65295,-101.14324,Optima 8x8,0,No response,,,,,,,,,,,
6/23/2014,Tory,Optima,F,1,,36.65203,-101.14324,Optima 8x8,0,No response,,,,,,,,,,,
6/23/2014,Tory,Optima,G,1,,36.6511,-101.14324,Optima 8x8,0,No response,,,,,,,,,,,
6/23/2014,Tory,Optima,H,1,,36.65018,-101.14324,Optima 8x8,1,"CD 90, 50m",50,90,4,M,,,,50,,,
6/23/2014,Tory,Optima,A,2,,36.65663,-101.14434,Optima 8x8,0,No response,,,,,,,,,,,
6/23/2014,Tory,Optima,B,2,,36.65571,-101.14434,Optima 8x8,0,No response,,,,,,,,,,,
6/23/2014,Tory,Optima,C,2,,36.65479,-101.14434,Optima 8x8,0,No response,,,,,,,,,,,
6/23/2014,Tory,Optima,D,2,,36.65387,-101.14434,Optima 8x8,0,No response,,,,,,,,,,,
6/23/2014,Tory,Optima,E,2,,36.65295,-101.14434,Optima 8x8,0,No response,,,,,,,,,,,
6/23/2014,Tory,Optima,F,2,,36.65203,-101.14434,Optima 8x8,1,"CN (3 CASP seen, unclear) 180, 40m (at least one was the 2nd H3 CASP)",40,180,2,UNK,,40,,,,,
6/23/2014,Tory,Optima,G,2,,36.6511,-101.14434,Optima 8x8,1,"ACS 180, 100m (H2 CPB CASP)",100,180,7,M,,,,,,,100
6/23/2014,Tory,Optima,H,2,,36.65018,-101.14434,Optima 8x8,1,"CN, CPB S to N 190, 30m to 0, 10m then reversed direction CPB                             CD 0, 15m (3 territories in area)",10,0,6,M,,30,,15,,15,
6/23/2014,Tory,Optima,A,3,,36.65663,-101.14544,Optima 8x8,0,No response,,,,,,,,,,,
6/23/2014,Tory,Optima,B,3,,36.65571,-101.14544,Optima 8x8,0,No response,,,,,,,,,,,
6/23/2014,Tory,Optima,C,3,,36.65479,-101.14544,Optima 8x8,0,No response,,,,,,,,,,,
6/23/2014,Tory,Optima,D,3,,36.65387,-101.14544,Optima 8x8,0,No response,,,,,,,,,,,
6/23/2014,Tory,Optima,E,3,,36.65295,-101.14544,Optima 8x8,0,No response,,,,,,,,,,,
6/23/2014,Tory,Optima,F,3,,36.65203,-101.14544,Optima 8x8,1,"CN 180, 30m (2nd H3 CASP)",30,180,2,M,,30,,,,,
6/23/2014,Tory,Optima,G,3,,36.6511,-101.14544,Optima 8x8,1,"CN, CD 180, 10m (2nd H3 CASP)",10,180,4,M,,10,,10,,,
6/23/2014,Tory,Optima,H,3,,36.65018,-101.14544,Optima 8x8,1,"CN landed on road, then CD 90, 30m                           2nd CASP land on road 45, 35m             H5 pair on yucca 270, 40m",30,90,4,PAIR,,30,,30,,,
6/23/2014,Tory,Optima,A,4,,36.65663,-101.14653,Optima 8x8,0,No response,,,,,,,,,,,
6/23/2014,Tory,Optima,B,4,,36.65571,-101.14653,Optima 8x8,1,"CN, CPB N to S from mot to mot 45, 30m to 145, 40m, hid",30,45,6,M,,30,,,,30,
6/23/2014,Tory,Optima,C,4,,36.65479,-101.14653,Optima 8x8,1,"CN 0, 40m (no CASP seen)",40,0,2,UNK,,40,,,,,
6/23/2014,Tory,Optima,D,4,,36.65387,-101.14653,Optima 8x8,1,"Quiet CN 260, 30m ",30,260,2,UNK,,30,,,,,
6/23/2014,Tory,Optima,E,4,,36.65295,-101.14653,Optima 8x8,0,No response,,,,,,,,,,,
6/23/2014,Tory,Optima,F,4,,36.65203,-101.14653,Optima 8x8,0,No response,,,,,,,,,,,
6/23/2014,Tory,Optima,G,4,,36.6511,-101.14653,Optima 8x8,0,No response,,,,,,,,,,,
6/23/2014,Tory,Optima,H,4,,36.65018,-101.14653,Optima 8x8,1,"CN 145, 25m on yucca (H5 CASP)",25,145,2,M,,25,,,,,
6/23/2014,Tory,Optima,A,5,,36.65663,-101.14762,Optima 8x8,0,No response,,,,,,,,,,,
6/23/2014,Tory,Optima,B,5,,36.65571,-101.14762,Optima 8x8,0,No response,,,,,,,,,,,
6/23/2014,Tory,Optima,C,5,,36.65479,-101.14762,Optima 8x8,0,No response,,,,,,,,,,,
6/23/2014,Tory,Optima,D,5,,36.65387,-101.14762,Optima 8x8,1,"Quiet CN 270, 20m",20,270,2,UNK,,20,,,,,
6/23/2014,Tory,Optima,E,5,,36.65295,-101.14762,Optima 8x8,0,No response,,,,,,,,,,,
6/23/2014,Tory,Optima,F,5,,36.65203,-101.14762,Optima 8x8,0,No response,,,,,,,,,,,
6/23/2014,Tory,Optima,G,5,,36.6511,-101.14762,Optima 8x8,0,No response,,,,,,,,,,,
6/23/2014,Tory,Optima,H,5,,36.65018,-101.14762,Optima 8x8,1,"CN 180, 30m on oak mot  2nd silent CASP 10, 15m on yucca (pair)",15,10,2,PAIR,,30,,,,,
6/23/2014,Tory,Optima,A,6,,36.65663,-101.14871,Optima 8x8,0,No response,,,,,,,,,,,
6/23/2014,Tory,Optima,B,6,,36.65571,-101.14871,Optima 8x8,0,No response,,,,,,,,,,,
6/23/2014,Tory,Optima,C,6,,36.65479,-101.14871,Optima 8x8,0,No response,,,,,,,,,,,
6/23/2014,Tory,Optima,D,6,,36.65387,-101.14871,Optima 8x8,0,No response,,,,,,,,,,,
6/23/2014,Tory,Optima,E,6,,36.65295,-101.14871,Optima 8x8,0,No response,,,,,,,,,,,
6/23/2014,Tory,Optima,F,6,,36.65203,-101.14871,Optima 8x8,0,No response,,,,,,,,,,,
6/23/2014,Tory,Optima,G,6,,36.6511,-101.14871,Optima 8x8,0,No response,,,,,,,,,,,
6/23/2014,Tory,Optima,H,6,,36.65018,-101.14871,Optima 8x8,1,"CD 270, 100m+ (H8 CASP)",100,270,4,M,,,,100,,,
6/23/2014,Tory,Optima,A,7,,36.65663,-101.14981,Optima 8x8,0,No response,,,,,,,,,,,
6/23/2014,Tory,Optima,B,7,,36.65571,-101.14981,Optima 8x8,0,No response,,,,,,,,,,,
6/23/2014,Tory,Optima,C,7,,36.65479,-101.14981,Optima 8x8,0,No response,,,,,,,,,,,
6/23/2014,Tory,Optima,D,7,,36.65387,-101.14981,Optima 8x8,0,No response,,,,,,,,,,,
6/23/2014,Tory,Optima,E,7,,36.65295,-101.14981,Optima 8x8,0,No response,,,,,,,,,,,
6/23/2014,Tory,Optima,F,7,,36.65203,-101.14981,Optima 8x8,0,No response,,,,,,,,,,,
6/23/2014,Tory,Optima,G,7,,36.6511,-101.14981,Optima 8x8,0,No response,,,,,,,,,,,
6/23/2014,Tory,Optima,H,7,,36.65018,-101.14981,Optima 8x8,1,"CD 270, 100m (H8 CASP)",100,270,4,M,,,,100,,,
6/23/2014,Tory,Optima,A,8,,36.65663,-101.1509,Optima 8x8,1,"CN 160, 30m",30,160,2,M,,30,,,,,
6/23/2014,Tory,Optima,B,8,,36.65571,-101.1509,Optima 8x8,0,No response,,,,,,,,,,,
6/23/2014,Tory,Optima,C,8,,36.65479,-101.1509,Optima 8x8,0,No response,,,,,,,,,,,
6/23/2014,Tory,Optima,D,8,,36.65387,-101.1509,Optima 8x8,1,"CN (2nd E8 CASP) 180, 20m        CS (1st E8 CASP)",20,180,3,M,,20,20,,,,
6/23/2014,Tory,Optima,E,8,,36.65295,-101.1509,Optima 8x8,1,"CD from cedar tree 270, 60m                2nd CASP CD 0, 20m",20,0,4,M,,,,20,,,
6/23/2014,Tory,Optima,F,8,,36.65203,-101.1509,Optima 8x8,0,No response,,,,,,,,,,,
6/23/2014,Tory,Optima,G,8,,36.6511,-101.1509,Optima 8x8,1,"CD prior 270, 40m                          CN, CPB W to S land on yucca ACS/CD 90, 10m (2 territories in area)            ",10,90,7,M,,10,,40,,10,10
6/23/2014,Tory,Optima,H,8,,36.65018,-101.1509,Optima 8x8,1,"APB 0, 10m on yucca                  CD (x2) 145, 40m ",10,0,5,M,,,,40,10,,
7/1/2014,Tory,Optima Compound,A,1,,36.63074,-101.22431,Optima Compound 8x8,0,No response,,,,,,,,,,,
7/1/2014,Tory,Optima Compound,A,2,,36.63074,-101.22317,Optima Compound 8x8,0,No response,,,,,,,,,,,
7/1/2014,Tory,Optima Compound,A,3,,36.63074,-101.22202,Optima Compound 8x8,0,No response,,,,,,,,,,,
7/1/2014,Tory,Optima Compound,A,4,,36.63074,-101.22088,Optima Compound 8x8,0,No response,,,,,,,,,,,
7/1/2014,Tory,Optima Compound,A,5,,36.63074,-101.21974,Optima Compound 8x8,0,No response,,,,,,,,,,,
7/1/2014,Tory,Optima Compound,A,6,,36.63074,-101.2186,Optima Compound 8x8,0,No response,,,,,,,,,,,
7/1/2014,Tory,Optima Compound,A,7,,36.63074,-101.21745,Optima Compound 8x8,0,No response,,,,,,,,,,,
7/1/2014,Tory,Optima Compound,A,8,,36.63074,-101.21631,Optima Compound 8x8,0,No response,,,,,,,,,,,
7/1/2014,Tory,Optima Compound,B,1,,36.62986,-101.22431,Optima Compound 8x8,0,No response,,,,,,,,,,,
7/1/2014,Tory,Optima Compound,B,2,,36.62986,-101.22317,Optima Compound 8x8,0,No response,,,,,,,,,,,
7/1/2014,Tory,Optima Compound,B,3,,36.62986,-101.22202,Optima Compound 8x8,0,No response,,,,,,,,,,,
7/1/2014,Tory,Optima Compound,B,4,,36.62986,-101.22088,Optima Compound 8x8,0,No response,,,,,,,,,,,
7/1/2014,Tory,Optima Compound,B,5,,36.62986,-101.21974,Optima Compound 8x8,0,No response,,,,,,,,,,,
7/1/2014,Tory,Optima Compound,B,6,,36.62986,-101.2186,Optima Compound 8x8,0,No response,,,,,,,,,,,
7/1/2014,Tory,Optima Compound,B,7,,36.62986,-101.21745,Optima Compound 8x8,0,No response,,,,,,,,,,,
7/1/2014,Tory,Optima Compound,B,8,,36.62986,-101.21631,Optima Compound 8x8,0,No response,,,,,,,,,,,
7/1/2014,Tory,Optima Compound,C,1,,36.62897,-101.22431,Optima Compound 8x8,0,No response,,,,,,,,,,,
7/1/2014,Tory,Optima Compound,C,2,,36.62897,-101.22317,Optima Compound 8x8,0,No response,,,,,,,,,,,
7/1/2014,Tory,Optima Compound,C,3,,36.62897,-101.22202,Optima Compound 8x8,0,No response,,,,,,,,,,,
7/1/2014,Tory,Optima Compound,C,4,,36.62897,-101.22088,Optima Compound 8x8,1,"ACS 180, 50m (D5 CASP)",50,180,7,M,,,,,,,50
7/1/2014,Tory,Optima Compound,C,5,,36.62897,-101.21974,Optima Compound 8x8,0,No response,,,,,,,,,,,
7/1/2014,Tory,Optima Compound,C,6,,36.62897,-101.2186,Optima Compound 8x8,0,No response,,,,,,,,,,,
7/1/2014,Tory,Optima Compound,C,7,,36.62897,-101.21745,Optima Compound 8x8,0,No response,,,,,,,,,,,
7/1/2014,Tory,Optima Compound,C,8,,36.62897,-101.21631,Optima Compound 8x8,0,No response,,,,,,,,,,,
7/1/2014,Tory,Optima Compound,D,1,,36.6281,-101.22431,Optima Compound 8x8,0,No response,,,,,,,,,,,
7/1/2014,Tory,Optima Compound,D,2,,36.6281,-101.22317,Optima Compound 8x8,1,"CN, APB 220, 7m flew from 180, 20m (Third territory)",7,220,5,M,,7,,,7,,
7/1/2014,Tory,Optima Compound,D,3,,36.6281,-101.22202,Optima Compound 8x8,0,No response,,,,,,,,,,,
7/1/2014,Tory,Optima Compound,D,4,,36.6281,-101.22088,Optima Compound 8x8,1,"CD 180, 20m (D5 CASP, Fifth territory) ",20,180,4,M,,,,20,,,
7/1/2014,Tory,Optima Compound,D,5,,36.6281,-101.21974,Optima Compound 8x8,1,"CN 180, 15M on yucca then CD 0, 100m (D5 CASP)",15,190,4,M,,15,,100,,,
7/1/2014,Tory,Optima Compound,D,6,,36.6281,-101.2186,Optima Compound 8x8,1,"CPB 270, 20m to yucca at 25, 10m then CN (Sixth territory, likely E4 CASP) ",10,25,6,M,,10,,,,20,
7/1/2014,Tory,Optima Compound,D,7,,36.6281,-101.21745,Optima Compound 8x8,0,No response,,,,,,,,,,,
7/1/2014,Tory,Optima Compound,D,8,,36.6281,-101.21631,Optima Compound 8x8,0,No response,,,,,,,,,,,
7/1/2014,Tory,Optima Compound,E,1,,36.62722,-101.22431,Optima Compound 8x8,1,"ACS 90, 100m",100,90,7,M,,,,,,,100
7/1/2014,Tory,Optima Compound,E,2,,36.62722,-101.22317,Optima Compound 8x8,0,No response,,,,,,,,,,,
7/1/2014,Tory,Optima Compound,E,3,,36.62722,-101.22202,Optima Compound 8x8,0,No response,,,,,,,,,,,
7/1/2014,Tory,Optima Compound,E,4,,36.62722,-101.22088,Optima Compound 8x8,1,"Aggressive CN 90, 20m ",20,90,2,M,,20,,,,,
7/1/2014,Tory,Optima Compound,E,5,,36.62722,-101.21974,Optima Compound 8x8,0,No response,,,,,,,,,,,
7/1/2014,Tory,Optima Compound,E,6,,36.62722,-101.2186,Optima Compound 8x8,0,No response,,,,,,,,,,,
7/1/2014,Tory,Optima Compound,E,7,,36.62722,-101.21745,Optima Compound 8x8,0,No response,,,,,,,,,,,
7/1/2014,Tory,Optima Compound,E,8,,36.62722,-101.21631,Optima Compound 8x8,0,No response,,,,,,,,,,,
7/1/2014,Tory,Optima Compound,F,1,,36.62634,-101.22431,Optima Compound 8x8,1,"CS 0, 50m in sandplum mot (A5 CASP, First territory)",50,0,3,M,,,50,,,,
7/1/2014,Tory,Optima Compound,F,2,,36.62634,-101.22317,Optima Compound 8x8,0,No response,,,,,,,,,,,
7/1/2014,Tory,Optima Compound,F,3,,36.62634,-101.22202,Optima Compound 8x8,0,No response,,,,,,,,,,,
7/1/2014,Tory,Optima Compound,F,4,,36.62634,-101.22088,Optima Compound 8x8,0,No response,,,,,,,,,,,
7/1/2014,Tory,Optima Compound,F,5,,36.62634,-101.21974,Optima Compound 8x8,0,No response,,,,,,,,,,,
7/1/2014,Tory,Optima Compound,F,6,,36.62634,-101.2186,Optima Compound 8x8,0,No response,,,,,,,,,,,
7/1/2014,Tory,Optima Compound,F,7,,36.62634,-101.21745,Optima Compound 8x8,0,No response,,,,,,,,,,,
7/1/2014,Tory,Optima Compound,F,8,,36.62634,-101.21631,Optima Compound 8x8,0,No response,,,,,,,,,,,
7/1/2014,Tory,Optima Compound,G,1,,36.62546,-101.22431,Optima Compound 8x8,1,"CPB from N 0, 30m then ACS 25, 10m on yucca (Second territory)",10,25,7,M,,,,,,30,10
7/1/2014,Tory,Optima Compound,G,2,,36.62546,-101.22317,Optima Compound 8x8,0,No response,,,,,,,,,,,
7/1/2014,Tory,Optima Compound,G,3,,36.62546,-101.22202,Optima Compound 8x8,0,No response,,,,,,,,,,,
7/1/2014,Tory,Optima Compound,G,4,,36.62546,-101.22088,Optima Compound 8x8,0,No response,,,,,,,,,,,
7/1/2014,Tory,Optima Compound,G,5,,36.62546,-101.21974,Optima Compound 8x8,0,No response,,,,,,,,,,,
7/1/2014,Tory,Optima Compound,G,6,,36.62546,-101.2186,Optima Compound 8x8,0,No response,,,,,,,,,,,
7/1/2014,Tory,Optima Compound,G,7,,36.62546,-101.21745,Optima Compound 8x8,0,No response,,,,,,,,,,,
7/1/2014,Tory,Optima Compound,G,8,,36.62546,-101.21631,Optima Compound 8x8,0,No response,,,,,,,,,,,
7/1/2014,Tory,Optima Compound,H,1,,36.62458,-101.22431,Optima Compound 8x8,0,No response,,,,,,,,,,,
7/1/2014,Tory,Optima Compound,H,2,,36.62458,-101.22317,Optima Compound 8x8,0,No response,,,,,,,,,,,
7/1/2014,Tory,Optima Compound,H,3,,36.62458,-101.22202,Optima Compound 8x8,0,No response,,,,,,,,,,,
7/1/2014,Tory,Optima Compound,H,4,,36.62458,-101.22088,Optima Compound 8x8,0,No response,,,,,,,,,,,
7/1/2014,Tory,Optima Compound,H,5,,36.62458,-101.21974,Optima Compound 8x8,0,No response,,,,,,,,,,,
7/1/2014,Tory,Optima Compound,H,6,,36.62458,-101.2186,Optima Compound 8x8,0,No response,,,,,,,,,,,
7/1/2014,Tory,Optima Compound,H,7,,36.62458,-101.21745,Optima Compound 8x8,0,No response,,,,,,,,,,,
7/1/2014,Tory,Optima Compound,H,8,,36.62458,-101.21631,Optima Compound 8x8,0,No response,,,,,,,,,,,
6/18/2014,Tory,Packsaddle Valley,A,1,,35.8954,-99.70614,Packsaddle 8x8,,No response,,,,,,,,,,,
6/18/2014,Tory,Packsaddle Valley,B,1,,35.8945,-99.70614,Packsaddle 8x8,1,CPB flew back to mot from B2,NA,NA,6,M,,,,,,9999,
6/18/2014,Tory,Packsaddle Valley,C,1,,35.89361,-99.70614,Packsaddle 8x8,1,"CPB, CN to ACS to CS 180, 20m",20,180,7,M,,20,20,,,20,20
6/18/2014,Tory,Packsaddle Valley,D,1,,35.89272,-99.70614,Packsaddle 8x8,0,No response,,,,,,,,,,,
6/18/2014,Tory,Packsaddle Valley,E,1,,35.89183,-99.70614,Packsaddle 8x8,1,"CD 125, 70m                                              CD with alternate song 270, 20m",20,270,4,M,,,,20,,,
6/18/2014,Tory,Packsaddle Valley,F,1,,35.89093,-99.70614,Packsaddle 8x8,0,No response,,,,,,,,,,,
6/18/2014,Tory,Packsaddle Valley,G,1,,35.89003,-99.70614,Packsaddle 8x8,0,No response,,,,,,,,,,,
6/18/2014,Tory,Packsaddle Valley,H,1,,35.88913,-99.70614,Packsaddle 8x8,1,"H2 CASP agitated CN, no approach",NA,NA,2,M,,9999,,,,,
6/18/2014,Tory,Packsaddle Valley,A,2,,35.8954,-99.70502,Packsaddle 8x8,0,No response,,,,,,,,,,,
6/18/2014,Tory,Packsaddle Valley,B,2,,35.8945,-99.70502,Packsaddle 8x8,1,"CD with ACS, then CS and alternate song 325, 40m            Second CASP interaction CS 180, 50m",40,325,7,M,,,40,40,,,40
6/18/2014,Tory,Packsaddle Valley,C,2,,35.89361,-99.70502,Packsaddle 8x8,1,ACS from C1 CASP,NA,NA,7,M,,,,,,,9999
6/18/2014,Tory,Packsaddle Valley,D,2,,35.89272,-99.70502,Packsaddle 8x8,0,No response,,,,,,,,,,,
6/18/2014,Tory,Packsaddle Valley,E,2,,35.89183,-99.70502,Packsaddle 8x8,1,"CS 180, 70m                                      Agitated CN 80,30m",30,80,3,M,,30,70,,,,
6/18/2014,Tory,Packsaddle Valley,F,2,,35.89093,-99.70502,Packsaddle 8x8,0,No response,,,,,,,,,,,
6/18/2014,Tory,Packsaddle Valley,G,2,,35.89003,-99.70502,Packsaddle 8x8,1,CASP silent flight to dead oak - not on territory,,,,,,,,,,,
6/18/2014,Tory,Packsaddle Valley,H,2,,35.88913,-99.70502,Packsaddle 8x8,1,"CN into ACS, CPB S to N 270, 20m",20,270,7,M,,20,,,,20,20
6/18/2014,Tory,Packsaddle Valley,A,3,,35.8954,-99.7039,Packsaddle 8x8,0,No response,,,,,,,,,,,
6/18/2014,Tory,Packsaddle Valley,B,3,,35.8945,-99.7039,Packsaddle 8x8,0,No response,,,,,,,,,,,
6/18/2014,Tory,Packsaddle Valley,C,3,,35.89361,-99.7039,Packsaddle 8x8,1,CS from C1 CASP,NA,NA,3,M,,,9999,,,,
6/18/2014,Tory,Packsaddle Valley,D,3,,35.89272,-99.7039,Packsaddle 8x8,1,"Agitated CN, APB      W to E 60, 50m",50,60,5,M,,50,,,50,,
6/18/2014,Tory,Packsaddle Valley,E,3,,35.89183,-99.7039,Packsaddle 8x8,1,"CN 90, 15m             Female flushed when walking ",15,90,2,F,,15,,,,,
6/18/2014,Tory,Packsaddle Valley,F,3,,35.89093,-99.7039,Packsaddle 8x8,0,No response,,,,,,,,,,,
6/18/2014,Tory,Packsaddle Valley,G,3,,35.89003,-99.7039,Packsaddle 8x8,1,"CN 45, 30m ",30,45,2,UNK,,30,,,,,
6/18/2014,Tory,Packsaddle Valley,H,3,,35.88913,-99.7039,Packsaddle 8x8,0,No response,,,,,,,,,,,
6/18/2014,Tory,Packsaddle Valley,A,4,,35.8954,-99.70279,Packsaddle 8x8,0,No response,,,,,,,,,,,
6/18/2014,Tory,Packsaddle Valley,B,4,,35.8945,-99.70279,Packsaddle 8x8,1,"APB 245, 20m with CN to AFC",20,245,7,M,,20,,,20,,20
6/18/2014,Tory,Packsaddle Valley,C,4,,35.89361,-99.70279,Packsaddle 8x8,0,No response,,,,,,,,,,,
6/18/2014,Tory,Packsaddle Valley,D,4,,35.89272,-99.70279,Packsaddle 8x8,1,"CPB S to N, CN 180, 5m",5,180,6,M,,5,,,,5,
6/18/2014,Tory,Packsaddle Valley,E,4,,35.89183,-99.70279,Packsaddle 8x8,1,"C3 CASP CN/AFC flew to 270, 20m",20,270,7,M,,20,,,,,20
6/18/2014,Tory,Packsaddle Valley,F,4,,35.89093,-99.70279,Packsaddle 8x8,1,"F5 CASPs agitated CN 90, 100m+",100,90,2,PAIR,,100,,,,,
6/18/2014,Tory,Packsaddle Valley,G,4,,35.89003,-99.70279,Packsaddle 8x8,0,No response,,,,,,,,,,,
6/18/2014,Tory,Packsaddle Valley,H,4,,35.88913,-99.70279,Packsaddle 8x8,0,No response,,,,,,,,,,,
6/18/2014,Tory,Packsaddle Valley,A,5,,35.8954,-99.70168,Packsaddle 8x8,0,No response,,,,,,,,,,,
6/18/2014,Tory,Packsaddle Valley,B,5,,35.8945,-99.70168,Packsaddle 8x8,0,No response,,,,,,,,,,,
6/18/2014,Tory,Packsaddle Valley,C,5,,35.89361,-99.70168,Packsaddle 8x8,0,No response,,,,,,,,,,,
6/18/2014,Tory,Packsaddle Valley,D,5,,35.89272,-99.70168,Packsaddle 8x8,0,No response,,,,,,,,,,,
6/18/2014,Tory,Packsaddle Valley,E,5,,35.89183,-99.70168,Packsaddle 8x8,1,C3 CASP distant CN/AFC prior to playback,NA,NA,7,M,,9999,,,,,9999
6/18/2014,Tory,Packsaddle Valley,F,5,,35.89093,-99.70168,Packsaddle 8x8,1,"CASP pair CN, APB  90, 15m on oak mot",15,90,5,PAIR,,15,,,15,,
6/18/2014,Tory,Packsaddle Valley,G,5,,35.89003,-99.70168,Packsaddle 8x8,0,No response,,,,,,,,,,,
6/18/2014,Tory,Packsaddle Valley,H,5,,35.88913,-99.70168,Packsaddle 8x8,0,No response,,,,,,,,,,,
6/18/2014,Tory,Packsaddle Valley,A,6,,35.8954,-99.70057,Packsaddle 8x8,0,No response,,,,,,,,,,,
6/18/2014,Tory,Packsaddle Valley,B,6,,35.8945,-99.70057,Packsaddle 8x8,0,No response,,,,,,,,,,,
6/18/2014,Tory,Packsaddle Valley,C,6,,35.89361,-99.70057,Packsaddle 8x8,0,No response,,,,,,,,,,,
6/18/2014,Tory,Packsaddle Valley,D,6,,35.89272,-99.70057,Packsaddle 8x8,1,"C8/D8 CASP CN to ACS 90, 100m              Second CASP CS 270, 100+m",100,90,7,M,,100,100,,,,100
6/18/2014,Tory,Packsaddle Valley,E,6,,35.89183,-99.70057,Packsaddle 8x8,1,"CN 0, 10m",10,0,2,M,,10,,,,,
6/18/2014,Tory,Packsaddle Valley,F,6,,35.89093,-99.70057,Packsaddle 8x8,1,CN from E6 CASP,NA,NA,2,M,,9999,,,,,
6/18/2014,Tory,Packsaddle Valley,G,6,,35.89003,-99.70057,Packsaddle 8x8,1,"CN 270, 30m ",30,270,2,UNK,,30,,,,,
6/18/2014,Tory,Packsaddle Valley,H,6,,35.88913,-99.70057,Packsaddle 8x8,0,No response,,,,,,,,,,,
6/18/2014,Tory,Packsaddle Valley,A,7,,35.8954,-99.69944,Packsaddle 8x8,0,No response,,,,,,,,,,,
6/18/2014,Tory,Packsaddle Valley,B,7,,35.8945,-99.69944,Packsaddle 8x8,0,No response,,,,,,,,,,,
6/18/2014,Tory,Packsaddle Valley,C,7,,35.89361,-99.69944,Packsaddle 8x8,0,No response,,,,,,,,,,,
6/18/2014,Tory,Packsaddle Valley,D,7,,35.89272,-99.69944,Packsaddle 8x8,1,"C8/D8 CASP agitated CN 90, 100m                      APB 0, 40m",40,0,5,M,,100,,,40,,
6/18/2014,Tory,Packsaddle Valley,E,7,,35.89183,-99.69944,Packsaddle 8x8,1,"Agitated CN 190, 100m+",100,190,2,M,,100,,,,,
6/18/2014,Tory,Packsaddle Valley,F,7,,35.89093,-99.69944,Packsaddle 8x8,1,"Agitated CN 345, 20m on oak mot",20,345,2,M,,20,,,,,
6/18/2014,Tory,Packsaddle Valley,G,7,,35.89003,-99.69944,Packsaddle 8x8,0,No response,,,,,,,,,,,
6/18/2014,Tory,Packsaddle Valley,H,7,,35.88913,-99.69944,Packsaddle 8x8,0,No response,,,,,,,,,,,
6/18/2014,Tory,Packsaddle Valley,A,8,,35.8954,-99.69833,Packsaddle 8x8,0,No response,,,,,,,,,,,
6/18/2014,Tory,Packsaddle Valley,B,8,,35.8945,-99.69833,Packsaddle 8x8,0,No response,,,,,,,,,,,
6/18/2014,Tory,Packsaddle Valley,C,8,,35.89361,-99.69833,Packsaddle 8x8,1,"CN 10, 20m                 CASP pair CPB one on either side ",20,10,6,PAIR,,20,,,,20,
6/18/2014,Tory,Packsaddle Valley,D,8,,35.89272,-99.69833,Packsaddle 8x8,1,"CN from C8 CASP then flew to telephone wire ACS with CD from wire 90, 30m",30,90,7,M,,30,,30,,,30
6/18/2014,Tory,Packsaddle Valley,E,8,,35.89183,-99.69833,Packsaddle 8x8,0,No response,,,,,,,,,,,
6/18/2014,Tory,Packsaddle Valley,F,8,,35.89093,-99.69833,Packsaddle 8x8,0,No response,,,,,,,,,,,
6/18/2014,Tory,Packsaddle Valley,G,8,,35.89003,-99.69833,Packsaddle 8x8,0,No response,,,,,,,,,,,
6/18/2014,Tory,Packsaddle Valley,H,8,,35.88913,-99.69833,Packsaddle 8x8,0,No response,,,,,,,,,,,
5/30/2014,Tory,Rita Blanca,A,1,1,36.50493,-102.64374,Rita Blanca 5x5,1,"CN/ACS 185, 30m then CPB (First territory) ",30,185,7,M,,30,,,,30,30
5/30/2014,Tory,Rita Blanca,A,2,2,36.50493,-102.64485,Rita Blanca 5x5,1,"CS 280, 60m then ACS 145, 80 followed by APB and aggressive CN 0, 30m (Fifth territory)",30,0,7,M,,30,60,,30,,80
5/30/2014,Tory,Rita Blanca,A,3,3,36.50493,-102.64597,Rita Blanca 5x5,0,No response,,,,,,,,,,,
5/30/2014,Tory,Rita Blanca,A,4,4,36.50493,-102.64709,Rita Blanca 5x5,1,"CN/APP 90, 30m (female)",30,90,5,F,,30,,,30,,
5/30/2014,Tory,Rita Blanca,A,5,5,36.50493,-102.6482,Rita Blanca 5x5,0,No response,,,,,,,,,,,
5/30/2014,Tory,Rita Blanca,B,1,6,36.50403,-102.64374,Rita Blanca 5x5,1,"CS 345, 40m                                     CN/APB 90, 20m (A1 CASP)",20,90,5,M,,20,40,,20,,
5/30/2014,Tory,Rita Blanca,B,2,7,36.50403,-102.64485,Rita Blanca 5x5,1,"CN 270, 30m then CPB and ACS 45, 15m ",15,45,7,M,,30,,,,15,15
5/30/2014,Tory,Rita Blanca,B,3,8,36.50403,-102.64597,Rita Blanca 5x5,1,"CN 0, 80m (Sixth territory)",80,0,2,M,,80,,,,,
5/30/2014,Tory,Rita Blanca,B,4,9,36.50403,-102.64709,Rita Blanca 5x5,1,"DS (D3 CASP, x3), used alternate song then switched to song",NA,NA,1,M,9999,,,,,,
5/30/2014,Tory,Rita Blanca,B,5,10,36.50403,-102.6482,Rita Blanca 5x5,0,No response,,,,,,,,,,,
5/30/2014,Tory,Rita Blanca,C,1,11,36.50319,-102.64374,Rita Blanca 5x5,0,No response,,,,,,,,,,,
5/30/2014,Tory,Rita Blanca,C,2,12,36.50319,-102.64485,Rita Blanca 5x5,1,"ACS with CD 0, 60m ",60,0,7,M,,,,,,,60
5/30/2014,Tory,Rita Blanca,C,3,13,36.50319,-102.64597,Rita Blanca 5x5,1,"CN at 180, 30m and 0, 30m (2 CASPS) then ACS 345, 25m and APB 270, 20m ",20,270,7,M,,30,,,20,,25
5/30/2014,Tory,Rita Blanca,C,4,14,36.50319,-102.64709,Rita Blanca 5x5,1,"APP 180, 10m then CS",10,180,5,M,,,10,,10,,
5/30/2014,Tory,Rita Blanca,C,5,15,36.50319,-102.6482,Rita Blanca 5x5,0,No response,,,,,,,,,,,
5/30/2014,Tory,Rita Blanca,D,1,16,36.50229,-102.64374,Rita Blanca 5x5,1,"ACS with CD 180, 80m (Third territory)",80,180,7,M,,,,80,,,80
5/30/2014,Tory,Rita Blanca,D,2,17,36.50229,-102.64485,Rita Blanca 5x5,0,No response,,,,,,,,,,,
5/30/2014,Tory,Rita Blanca,D,3,18,36.50229,-102.64597,Rita Blanca 5x5,0,No response,,,,,,,,,,,
5/30/2014,Tory,Rita Blanca,D,4,19,36.50229,-102.64709,Rita Blanca 5x5,1,"CS 90, 70m                                        Second CASP CS 90, 50m then CD",50,90,4,M,,,50,50,,,
5/30/2014,Tory,Rita Blanca,D,5,20,36.50229,-102.6482,Rita Blanca 5x5,1,CN/CPB (female),NA,NA,6,F,,9999,,,,9999,
5/30/2014,Tory,Rita Blanca,E,1,21,36.50148,-102.64374,Rita Blanca 5x5,1,"CS with CD 270, 60m (x2) (Fourth territory)",60,270,4,M,,,60,60,,,
5/30/2014,Tory,Rita Blanca,E,2,22,36.50148,-102.64485,Rita Blanca 5x5,1,"CS 260, 40m then APB 50, 15m ",15,50,5,M,,,40,,15,,
5/30/2014,Tory,Rita Blanca,E,3,23,36.50148,-102.64597,Rita Blanca 5x5,1,"CD 345, 80m then ACS 180, 80m",80,180,7,M,,,,80,,,80
5/30/2014,Tory,Rita Blanca,E,4,24,36.50148,-102.64709,Rita Blanca 5x5,1,"CS 250, 30m                                             Second CASP CS 270, 50m                         ACS between the two CASP 145, 60m then mating pair flew to 145, 20m (Seventh territory)          ",20,145,7,PAIR,,,30,,,,50
5/30/2014,Tory,Rita Blanca,E,5,25,36.50148,-102.6482,Rita Blanca 5x5,0,No response,,,,,,,,,,,
6/27/2014,Tory,Rita Blanca,A,1,,36.50763,-102.64365,Rita Blanca 8x8,1,"Aggressive CN 345, 25m on yucca (first territory)",25,345,2,M,,25,,,,,
6/27/2014,Tory,Rita Blanca,B,1,,36.50675,-102.64365,Rita Blanca 8x8,1,"Aggressive CN 180, 70m (A1 CASP)",70,180,2,M,,70,,,,,
6/27/2014,Tory,Rita Blanca,C,1,,36.50587,-102.64365,Rita Blanca 8x8,0,No response,,,,,,,,,,,
6/27/2014,Tory,Rita Blanca,D,1,,36.505,-102.64365,Rita Blanca 8x8,1,"CD 160, 15m on yucca (x3) back and forth to 200 15m yucca                       Female flushed (D2 CASP)",15,160,4,M,,,,15,,,
6/27/2014,Tory,Rita Blanca,E,1,,36.50412,-102.64365,Rita Blanca 8x8,1,CD (D1 CASP),NA,NA,4,M,,,,9999,,,
6/27/2014,Tory,Rita Blanca,F,1,,36.5033,-102.64365,Rita Blanca 8x8,1,"Silent CPB 270, 10m then CN into ACS/CD (eigth territory, in patch of unusual vegetation)",10,270,7,M,,10,,10,,10,10
6/27/2014,Tory,Rita Blanca,G,1,,36.50242,-102.64365,Rita Blanca 8x8,0,No response,,,,,,,,,,,
6/27/2014,Tory,Rita Blanca,H,1,,36.50154,-102.64365,Rita Blanca 8x8,0,No response,,,,,,,,,,,
6/27/2014,Tory,Rita Blanca,A,2,,36.50763,-102.6448,Rita Blanca 8x8,1,"APB, CPB S to W to N to E landed on yucca 160, 10m then aggressive CN (second territory)",10,160,6,M,,10,,,10,10,
6/27/2014,Tory,Rita Blanca,B,2,,36.50675,-102.6448,Rita Blanca 8x8,1,"CN 90, 40m on yucca",40,90,2,UNK,,40,,,,,
6/27/2014,Tory,Rita Blanca,C,2,,36.50587,-102.6448,Rita Blanca 8x8,0,No response,,,,,,,,,,,
6/27/2014,Tory,Rita Blanca,D,2,,36.505,-102.6448,Rita Blanca 8x8,1,"CD 90, 80m (x3)                                  Pair seen then ACS in mot 160, 50m (seventh territory)",50,160,7,PAIR,,,,80,,,50
6/27/2014,Tory,Rita Blanca,E,2,,36.50412,-102.6448,Rita Blanca 8x8,0,No response,,,,,,,,,,,
6/27/2014,Tory,Rita Blanca,F,2,,36.5033,-102.6448,Rita Blanca 8x8,0,No response,,,,,,,,,,,
6/27/2014,Tory,Rita Blanca,G,2,,36.50242,-102.6448,Rita Blanca 8x8,1,"Silent CPB S to E 180, 15m then aggressive CN landed 300, 30m (ninth territory)",15,180,6,M,,30,,,,15,
6/27/2014,Tory,Rita Blanca,H,2,,36.50154,-102.6448,Rita Blanca 8x8,0,No response,,,,,,,,,,,
6/27/2014,Tory,Rita Blanca,A,3,,36.50763,-102.64594,Rita Blanca 8x8,1,CN (A2 CASP),NA,NA,2,UNK,,9999,,,,,
6/27/2014,Tory,Rita Blanca,B,3,,36.50675,-102.64594,Rita Blanca 8x8,1,"CN 0, 10m on yucca then CPB 100, 5m on yucca                                        Met second CASP flew to 180, 35m",5,100,6,M,,10,,,,5,
6/27/2014,Tory,Rita Blanca,C,3,,36.50587,-102.64594,Rita Blanca 8x8,1,"CN 25, 30m on yucca",30,25,2,UNK,,30,,,,,
6/27/2014,Tory,Rita Blanca,D,3,,36.505,-102.64594,Rita Blanca 8x8,0,No response,,,,,,,,,,,
6/27/2014,Tory,Rita Blanca,E,3,,36.50412,-102.64594,Rita Blanca 8x8,0,No response,,,,,,,,,,,
6/27/2014,Tory,Rita Blanca,F,3,,36.5033,-102.64594,Rita Blanca 8x8,0,No response,,,,,,,,,,,
6/27/2014,Tory,Rita Blanca,G,3,,36.50242,-102.64594,Rita Blanca 8x8,1,"CASP seen 200, 100m in mot of yucca",100,200,0,UNK,,,,,,,
6/27/2014,Tory,Rita Blanca,H,3,,36.50154,-102.64594,Rita Blanca 8x8,1,CN (H4 CASP),NA,NA,2,M,,9999,,,,,
6/27/2014,Tory,Rita Blanca,A,4,,36.50763,-102.64709,Rita Blanca 8x8,1,"CN 5, 50m no bird seen",50,5,2,UNK,,50,,,,,
6/27/2014,Tory,Rita Blanca,B,4,,36.50675,-102.64709,Rita Blanca 8x8,1,"Silent flight landed in grass 285, 25m ",25,285,0,UNK,,,,,,,
6/27/2014,Tory,Rita Blanca,C,4,,36.50587,-102.64709,Rita Blanca 8x8,0,No response,,,,,,,,,,,
6/27/2014,Tory,Rita Blanca,D,4,,36.505,-102.64709,Rita Blanca 8x8,1,"APB/CPB 200, 15m then CN into ACS (D5 CASP, sixth territory)",15,200,7,M,,15,,,15,15,15
6/27/2014,Tory,Rita Blanca,E,4,,36.50412,-102.64709,Rita Blanca 8x8,0,No response,,,,,,,,,,,
6/27/2014,Tory,Rita Blanca,F,4,,36.5033,-102.64709,Rita Blanca 8x8,0,No response,,,,,,,,,,,
6/27/2014,Tory,Rita Blanca,G,4,,36.50242,-102.64709,Rita Blanca 8x8,1,"CN/APB 90, 10m on milkweed then flew to 180, 5m                                             Flew to territory 270, 40m (tenth territory)",5,180,5,M,,10,,,10,,
6/27/2014,Tory,Rita Blanca,H,4,,36.50154,-102.64709,Rita Blanca 8x8,1,"CN 0, 15m on yucca then CPB N to W 90, 20m and ACS on yucca",15,0,7,M,,15,,,,20,20
6/27/2014,Tory,Rita Blanca,A,5,,36.50763,-102.64822,Rita Blanca 8x8,1,"ACS/CD 45, 150m (A4 CASP, third territory)                         CD 270, 100m (x2, CS prior, fourth territory) ",100,270,7,M,,,100,100,,,100
6/27/2014,Tory,Rita Blanca,B,5,,36.50675,-102.64822,Rita Blanca 8x8,1,"CN 355, 10m on dead yucca then ACS 280, 20m ",10,355,7,M,,10,,,,,20
6/27/2014,Tory,Rita Blanca,C,5,,36.50587,-102.64822,Rita Blanca 8x8,1,"Quiet CN 270, 15m on yucca (B5 CASP)",15,270,2,M,,15,,,,,
6/27/2014,Tory,Rita Blanca,D,5,,36.505,-102.64822,Rita Blanca 8x8,1,"CS 90, 70m on yucca",70,90,3,M,,,70,,,,
6/27/2014,Tory,Rita Blanca,E,5,,36.50412,-102.64822,Rita Blanca 8x8,0,No response,,,,,,,,,,,
6/27/2014,Tory,Rita Blanca,F,5,,36.5033,-102.64822,Rita Blanca 8x8,0,No response,,,,,,,,,,,
6/27/2014,Tory,Rita Blanca,G,5,,36.50242,-102.64822,Rita Blanca 8x8,0,No response,,,,,,,,,,,
6/27/2014,Tory,Rita Blanca,H,5,,36.50154,-102.64822,Rita Blanca 8x8,0,No response,,,,,,,,,,,
6/27/2014,Tory,Rita Blanca,A,6,,36.50763,-102.64937,Rita Blanca 8x8,1,"CD 270, 15m then CPB W to S 180, 20m (second A5 CASP)",15,270,6,M,,,,15,,20,
6/27/2014,Tory,Rita Blanca,B,6,,36.50675,-102.64937,Rita Blanca 8x8,1,"CN 270, 10m                      CPB 180, 15m on yucca then ACS/CD (fifth territory)",10,270,7,M,,10,,15,,,15
6/27/2014,Tory,Rita Blanca,C,6,,36.50587,-102.64937,Rita Blanca 8x8,0,No response,,,,,,,,,,,
6/27/2014,Tory,Rita Blanca,D,6,,36.505,-102.64937,Rita Blanca 8x8,0,No response,,,,,,,,,,,
6/27/2014,Tory,Rita Blanca,E,6,,36.50412,-102.64937,Rita Blanca 8x8,0,No response,,,,,,,,,,,
6/27/2014,Tory,Rita Blanca,F,6,,36.5033,-102.64937,Rita Blanca 8x8,0,No response,,,,,,,,,,,
6/27/2014,Tory,Rita Blanca,G,6,,36.50242,-102.64937,Rita Blanca 8x8,0,No response,,,,,,,,,,,
6/27/2014,Tory,Rita Blanca,H,6,,36.50154,-102.64937,Rita Blanca 8x8,1,"Pair 360, 15m on yucca",15,0,0,PAIR,,,,,,,
6/27/2014,Tory,Rita Blanca,A,7,,36.50763,-102.65051,Rita Blanca 8x8,0,No response,,,,,,,,,,,
6/27/2014,Tory,Rita Blanca,B,7,,36.50675,-102.65051,Rita Blanca 8x8,0,No response,,,,,,,,,,,
6/27/2014,Tory,Rita Blanca,C,7,,36.50587,-102.65051,Rita Blanca 8x8,0,No response,,,,,,,,,,,
6/27/2014,Tory,Rita Blanca,D,7,,36.505,-102.65051,Rita Blanca 8x8,0,No response,,,,,,,,,,,
6/27/2014,Tory,Rita Blanca,E,7,,36.50412,-102.65051,Rita Blanca 8x8,0,No response,,,,,,,,,,,
6/27/2014,Tory,Rita Blanca,F,7,,36.5033,-102.65051,Rita Blanca 8x8,0,No response,,,,,,,,,,,
6/27/2014,Tory,Rita Blanca,G,7,,36.50242,-102.65051,Rita Blanca 8x8,0,No response,,,,,,,,,,,
6/27/2014,Tory,Rita Blanca,H,7,,36.50154,-102.65051,Rita Blanca 8x8,0,No response,,,,,,,,,,,
6/27/2014,Tory,Rita Blanca,A,8,,36.50763,-102.65166,Rita Blanca 8x8,0,No response,,,,,,,,,,,
6/27/2014,Tory,Rita Blanca,B,8,,36.50675,-102.65166,Rita Blanca 8x8,0,No response,,,,,,,,,,,
6/27/2014,Tory,Rita Blanca,C,8,,36.50587,-102.65166,Rita Blanca 8x8,0,No response,,,,,,,,,,,
6/27/2014,Tory,Rita Blanca,D,8,,36.505,-102.65166,Rita Blanca 8x8,0,No response,,,,,,,,,,,
6/27/2014,Tory,Rita Blanca,E,8,,36.50412,-102.65166,Rita Blanca 8x8,0,No response,,,,,,,,,,,
6/27/2014,Tory,Rita Blanca,F,8,,36.5033,-102.65166,Rita Blanca 8x8,0,No response,,,,,,,,,,,
6/27/2014,Tory,Rita Blanca,G,8,,36.50242,-102.65166,Rita Blanca 8x8,0,No response,,,,,,,,,,,
6/27/2014,Tory,Rita Blanca,H,8,,36.50154,-102.65166,Rita Blanca 8x8,0,No response,,,,,,,,,,,
6/18/2014,Tory,Selman Ranch,A,1,,36.79786,-99.33394,Selman 6x6,0,No response,,,,,,,,,,,
6/18/2014,Tory,Selman Ranch,A,2,,36.79786,-99.33282,Selman 6x6,0,No response,,,,,,,,,,,
6/18/2014,Tory,Selman Ranch,A,3,,36.79786,-99.3317,Selman 6x6,0,No response,,,,,,,,,,,
6/18/2014,Tory,Selman Ranch,A,4,,36.79786,-99.33057,Selman 6x6,0,No response,,,,,,,,,,,
6/18/2014,Tory,Selman Ranch,A,5,,36.79786,-99.32945,Selman 6x6,0,No response,,,,,,,,,,,
6/18/2014,Tory,Selman Ranch,A,6,,36.79786,-99.32833,Selman 6x6,0,No response,,,,,,,,,,,
6/18/2014,Tory,Selman Ranch,B,1,,36.79696,-99.33394,Selman 6x6,0,No response,,,,,,,,,,,
6/18/2014,Tory,Selman Ranch,B,2,,36.79696,-99.33282,Selman 6x6,1,"CN to AFC 180, 20m",20,180,7,M,,20,,,,,20
6/18/2014,Tory,Selman Ranch,B,3,,36.79696,-99.3317,Selman 6x6,0,No response,,,,,,,,,,,
6/18/2014,Tory,Selman Ranch,B,4,,36.79696,-99.33057,Selman 6x6,0,No response,,,,,,,,,,,
6/18/2014,Tory,Selman Ranch,B,5,,36.79696,-99.32945,Selman 6x6,0,"No response                                  DS 180, 100m+",100,180,1,M,100,,,,,,
6/18/2014,Tory,Selman Ranch,B,6,,36.79696,-99.32833,Selman 6x6,0,No response,,,,,,,,,,,
6/18/2014,Tory,Selman Ranch,C,1,,36.79606,-99.33394,Selman 6x6,1,"CN, CPB from 0, 30m to 180, 50m                         Possible female",30,0,6,M,,30,,,,30,
6/18/2014,Tory,Selman Ranch,C,2,,36.79606,-99.33282,Selman 6x6,0,No response,,,,,,,,,,,
6/18/2014,Tory,Selman Ranch,C,3,,36.79606,-99.3317,Selman 6x6,0,No response,,,,,,,,,,,
6/18/2014,Tory,Selman Ranch,C,4,,36.79606,-99.33057,Selman 6x6,0,No response,,,,,,,,,,,
6/18/2014,Tory,Selman Ranch,C,5,,36.79606,-99.32945,Selman 6x6,0,No response,,,,,,,,,,,
6/18/2014,Tory,Selman Ranch,C,6,,36.79606,-99.32833,Selman 6x6,0,No response,,,,,,,,,,,
6/18/2014,Tory,Selman Ranch,D,1,,36.79616,-99.33394,Selman 6x6,0,No response,,,,,,,,,,,
6/18/2014,Tory,Selman Ranch,D,2,,36.79616,-99.33282,Selman 6x6,0,No response,,,,,,,,,,,
6/18/2014,Tory,Selman Ranch,D,3,,36.79616,-99.3317,Selman 6x6,0,No response,,,,,,,,,,,
6/18/2014,Tory,Selman Ranch,D,4,,36.79616,-99.33057,Selman 6x6,0,No response,,,,,,,,,,,
6/18/2014,Tory,Selman Ranch,D,5,,36.79616,-99.32945,Selman 6x6,0,No response,,,,,,,,,,,
6/18/2014,Tory,Selman Ranch,D,6,,36.79616,-99.32833,Selman 6x6,0,No response,,,,,,,,,,,
6/18/2014,Tory,Selman Ranch,E,1,,36.79426,-99.33394,Selman 6x6,0,No response,,,,,,,,,,,
6/18/2014,Tory,Selman Ranch,E,2,,36.79426,-99.33282,Selman 6x6,0,No response,,,,,,,,,,,
6/18/2014,Tory,Selman Ranch,E,3,,36.79426,-99.3317,Selman 6x6,1,"DS 90, 100m+ (x3)",100,90,1,M,100,,,,,,
6/18/2014,Tory,Selman Ranch,E,4,,36.79426,-99.33057,Selman 6x6,0,No response,,,,,,,,,,,
6/18/2014,Tory,Selman Ranch,E,5,,36.79426,-99.32945,Selman 6x6,0,No response,,,,,,,,,,,
6/18/2014,Tory,Selman Ranch,E,6,,36.79426,-99.32833,Selman 6x6,0,No response,,,,,,,,,,,
6/18/2014,Tory,Selman Ranch,F,1,,36.79335,-99.33394,Selman 6x6,0,No response,,,,,,,,,,,
6/18/2014,Tory,Selman Ranch,F,2,,36.79335,-99.33282,Selman 6x6,0,No response,,,,,,,,,,,
6/18/2014,Tory,Selman Ranch,F,3,,36.79335,-99.3317,Selman 6x6,0,No response,,,,,,,,,,,
6/18/2014,Tory,Selman Ranch,F,4,,36.79335,-99.33057,Selman 6x6,0,No response,,,,,,,,,,,
6/18/2014,Tory,Selman Ranch,F,5,,36.79335,-99.32945,Selman 6x6,0,No response,,,,,,,,,,,
6/18/2014,Tory,Selman Ranch,F,6,,36.79335,-99.32833,Selman 6x6,1,"CD 90, 40m",40,90,4,M,,,,40,,,
